{"base": {"retrievers": "base", "hit_rate": 0.8535353535353535, "mrr": 0.6758417508417508}, "bm25": {"retrievers": "bm25", "hit_rate": 0.8181818181818182, "mrr": 0.6925084175084175}, "base_rerank": {"retrievers": "base_rerank", "hit_rate": 0.9141414141414141, "mrr": 0.8196127946127946}, "bm25_rerank": {"retrievers": "bm25_rerank", "hit_rate": 0.8686868686868687, "mrr": 0.780892255892256}, "router": {"retrievers": "router", "hit_rate": 0.9343434343434344, "mrr": 0.8271885521885521}}